subject_id,condition,phase,node_l,node_r,trial_timestamp,response_timestamp,response_delay,crosscolor,response_key,response,accuracy
5214,Interleaved,Study,8,10,12.093985600047745,17.054906400036998,4.960920799989253,cyan,1,0,1
5214,Interleaved,Study,3,11,17.8351413999917,22.370876600034535,4.535735200042836,cyan,1,0,1
5214,Interleaved,Study,8,9,23.107149000046775,27.02392189996317,3.9167728999163955,cyan,1,0,1
5214,Interleaved,Study,6,9,27.844477600068785,32.16582740005106,4.321349799982272,cyan,1,0,1
5214,Interleaved,Study,3,6,33.062288200017065,36.956918100011535,3.89462989999447,cyan,1,0,1
5214,Interleaved,Study,11,12,37.7915692999959,41.78492180001922,3.9933525000233203,cyan,1,0,1
5214,Interleaved,Study,3,6,42.51652499998454,46.3418864000123,3.8253614000277594,cyan,1,0,1
5214,Interleaved,Study,6,9,47.257811399991624,51.05232130002696,3.7945099000353366,cyan,1,0,1
5214,Interleaved,Study,7,9,56.00491899996996,60.90190399996936,4.896984999999404,cyan,1,0,1
5214,Interleaved,Study,9,11,61.7575856000185,65.67791490000673,3.920329299988225,cyan,1,0,1
5214,Interleaved,Study,4,5,66.49974120000843,71.82690750004258,5.3271663000341505,cyan,1,0,1
5214,Interleaved,Study,8,9,72.71435470005963,76.637242399971,3.922887699911371,cyan,1,0,1
5214,Interleaved,Study,6,7,77.43666959996335,81.74190739996266,4.305237799999304,cyan,1,0,1
5214,Interleaved,Study,2,3,86.68399060005322,90.99389829998836,4.309907699935138,cyan,1,0,1
5214,Interleaved,Study,4,5,91.89706760004628,95.88603619998321,3.988968599936925,cyan,1,0,1
5214,Interleaved,Study,8,10,96.62705899996217,100.51287380000576,3.8858148000435904,cyan,1,0,1
5214,Interleaved,Study,2,3,119.43486120004673,124.26385129999835,4.828990099951625,cyan,1,0,1
5214,Interleaved,Study,6,7,125.15124979999382,129.46719230001327,4.315942500019446,cyan,1,0,1
5214,Interleaved,Study,9,11,130.3827961999923,134.2688749000663,3.8860787000739947,cyan,1,0,1
5214,Interleaved,Study,8,10,135.09322370006703,139.42284840007778,4.329624700010754,cyan,1,0,1
5214,Interleaved,Study,11,12,144.3318534999853,148.16285179997794,3.8309982999926433,cyan,1,0,1
5214,Interleaved,Study,4,12,149.07934369996656,152.89789710007608,3.818553400109522,cyan,1,0,1
5214,Interleaved,Study,1,2,153.8197863000678,157.597369599971,3.777583299903199,cyan,1,0,1
5214,Interleaved,Study,6,9,158.54251130006742,162.3628184000263,3.8203070999588817,cyan,1,0,1
5214,Interleaved,Study,2,3,163.25331629998982,167.53590000001714,4.282583700027317,cyan,1,0,1
5214,Interleaved,Study,7,8,168.4657273000339,172.80190760002006,4.336180299986154,cyan,1,0,1
5214,Interleaved,Study,7,9,173.68785750004463,179.05889169999864,5.3710341999540105,cyan,1,0,1
5214,Interleaved,Study,1,2,179.90772230003495,183.77989650005475,3.872174200019799,cyan,1,0,1
5214,Interleaved,Study,7,13,184.62785679998342,189.457888700068,4.8300319000845775,cyan,1,0,1
5214,Interleaved,Study,6,7,194.394028800074,198.32384860003367,3.9298197999596596,cyan,1,0,1
5214,Interleaved,Study,8,10,199.10748100001365,202.9719000000041,3.8644189999904484,cyan,1,0,1
5214,Interleaved,Study,6,9,203.8156381000299,207.65418740001041,3.8385492999805138,cyan,1,0,1
5214,Interleaved,Study,3,6,226.619370099972,230.5218634000048,3.902493300032802,cyan,1,0,1
5214,Interleaved,Study,4,5,235.37131219997536,239.2188386999769,3.8475265000015497,cyan,1,0,1
5214,Interleaved,Study,7,8,240.10220299998764,243.95788210001774,3.855679100030102,cyan,1,0,1
5214,Interleaved,Study,11,12,244.86029159999453,249.21488290000707,4.354591300012544,cyan,1,0,1
5214,Interleaved,Study,7,9,250.0883376999991,254.4288921999978,4.340554499998689,cyan,1,0,1
5214,Interleaved,Study,8,10,255.30835639999714,259.15822240000125,3.8498660000041127,cyan,1,0,1
5214,Interleaved,Study,11,12,260.0358918000711,264.84786800004076,4.811976199969649,cyan,1,0,1
5214,Interleaved,Study,2,3,265.76246190001257,269.62088980001863,3.8584279000060633,cyan,1,0,1
5214,Interleaved,Study,8,9,270.48233999998774,274.3028922000667,3.8205522000789642,cyan,1,0,1
5214,Interleaved,Study,2,4,279.2199926000321,283.0468800000381,3.826887400005944,cyan,1,0,1
5214,Interleaved,Study,11,12,283.97848599997815,289.29687570000533,5.318389700027183,cyan,1,0,1
5214,Interleaved,Study,8,9,290.213312100037,295.09687580005266,4.883563700015657,cyan,1,0,1
5214,Interleaved,Study,2,3,295.9253557000775,299.72889200004283,3.8035362999653444,cyan,1,0,1
5214,Interleaved,Study,9,11,300.6486780999694,304.4858521000715,3.8371740001020953,cyan,1,0,1
5214,Interleaved,Study,2,3,305.36319549998734,309.67521190003026,4.312016400042921,cyan,1,0,1
5214,Interleaved,Study,4,12,310.59940150007606,314.9478838000214,4.348482299945317,cyan,1,0,1
5214,Interleaved,Study,4,5,333.92012999998406,337.8002344999695,3.880104499985464,cyan,1,0,1
5214,Interleaved,Study,3,11,338.6476072999649,343.4857640999835,4.8381568000186235,cyan,1,0,1
5214,Interleaved,Study,8,10,344.3615462000016,348.2078861000482,3.846339900046587,cyan,1,0,1
5214,Interleaved,Study,2,4,349.0794649000745,353.88777580007445,4.808310899999924,cyan,1,0,1
5214,Interleaved,Study,6,7,354.80380460002925,358.71415390004404,3.9103493000147864,cyan,1,0,1
5214,Interleaved,Study,2,4,359.5288756999653,363.4391602000687,3.910284500103444,cyan,1,0,1
5214,Interleaved,Study,11,12,364.2959449000191,368.62687689997256,4.330931999953464,cyan,1,0,1
5214,Interleaved,Study,1,2,373.5394735999871,377.38629840000067,3.8468248000135645,cyan,1,0,1
5214,Interleaved,Study,2,4,378.24482849997,382.07180520007387,3.8269767001038417,cyan,1,0,1
5214,Interleaved,Study,7,13,382.96838950004894,387.295867000008,4.327477499959059,cyan,1,0,1
5214,Interleaved,Study,4,5,388.1981593000237,392.0358192999847,3.8376599999610335,cyan,1,0,1
5214,Interleaved,Study,6,7,392.92709490004927,398.2648095000768,5.337714600027539,cyan,1,0,1
5214,Interleaved,Study,3,6,399.1521290000528,402.96377070003655,3.8116416999837384,cyan,1,0,1
5214,Interleaved,Study,2,3,407.90408200002275,412.3148351999698,4.410753199947067,cyan,1,0,1
5214,Interleaved,Study,7,9,413.1380020000506,417.0258640999673,3.887862099916674,cyan,1,0,1
5214,Interleaved,Study,8,10,417.85913790005725,422.1888435999863,4.329705699929036,cyan,1,0,1
5214,Interleaved,Study,7,9,441.151566100074,445.18386009999085,4.032293999916874,cyan,1,0,1
5214,Interleaved,Study,4,12,445.89282770000864,449.79886660003103,3.906038900022395,cyan,1,0,1
5214,Interleaved,Study,3,11,454.6364475999726,458.96685990004335,4.330412300070748,cyan,1,0,1
5214,Interleaved,Study,2,4,459.88684130006004,464.1918334000511,4.304992099991068,cyan,1,0,1
5214,Interleaved,Study,7,8,465.12558540003374,469.03388420003466,3.908298800000921,cyan,1,0,1
5214,Interleaved,Study,4,12,469.85702700004913,474.6808546000393,4.823827599990182,cyan,1,0,1
5214,Interleaved,Study,2,3,475.59313880000263,480.97190300002694,5.378764200024307,cyan,1,0,1
5214,Interleaved,Study,3,6,481.81681750004645,485.92586129996926,4.1090437999228016,cyan,1,0,1
5214,Interleaved,Study,9,11,486.5567329999758,490.37183199997526,3.8150989999994636,cyan,1,0,1
5214,Interleaved,Study,7,8,491.30819959996734,495.63785549998283,4.329655900015496,cyan,1,0,1
5214,Interleaved,Study,8,9,496.53018570004497,500.8507899000542,4.320604200009257,cyan,1,0,1
5214,Interleaved,Study,4,5,505.76266790006775,509.5468186000362,3.7841506999684498,cyan,1,0,1
5214,Interleaved,Study,7,13,510.48751660005655,515.2981851999648,4.81066859990824,cyan,1,0,1
5214,Interleaved,Study,1,2,516.2093256000662,520.1358317000559,3.9265060999896377,cyan,1,0,1
5214,Interleaved,Study,3,11,520.93273520004,524.7569748000242,3.824239599984139,cyan,1,0,1
5214,Interleaved,Study,4,5,525.6927731999895,529.5189907000167,3.826217500027269,cyan,1,0,1
5214,Interleaved,Study,2,4,548.5298732999945,552.4238423999632,3.893969099968672,cyan,1,0,1
5214,Interleaved,Study,7,9,553.2587802000344,557.5920823999913,4.333302199956961,cyan,1,0,1
5214,Interleaved,Study,1,2,558.4975911000511,562.4188253000611,3.921234200010076,cyan,1,0,1
5214,Interleaved,Study,4,12,567.2246869000373,571.0738483000314,3.8491613999940455,cyan,1,0,1
5214,Interleaved,Study,7,8,571.9935223000357,576.2748262999812,4.281303999945521,cyan,1,0,1
5214,Interleaved,Study,3,6,577.2153360999655,582.023794000037,4.808457900071517,cyan,1,0,1
5214,Interleaved,Study,11,12,582.9522566000232,587.3338213000679,4.381564700044692,cyan,1,0,1
5214,Interleaved,Study,9,11,588.1820297000231,592.9968440000666,4.814814300043508,cyan,1,0,1
5214,Interleaved,Study,6,7,593.9223556000507,598.0907987999963,4.168443199945614,cyan,1,0,1
5214,Interleaved,Study,6,9,598.6516486000037,603.9798537000315,5.328205100027844,cyan,1,0,1
5214,Interleaved,Study,8,9,604.9077719000634,609.0168579000747,4.1090860000113025,cyan,1,0,1
5214,Interleaved,Study,6,9,609.6329778999789,613.6078704000684,3.9748925000894815,cyan,1,0,1
5214,Interleaved,Study,8,9,618.3673697999911,622.1777564999647,3.8103866999736056,cyan,1,0,1
5214,Interleaved,Study,9,11,623.0826250000391,626.9558875999646,3.8732625999255106,cyan,1,0,1
5214,Interleaved,Study,4,12,627.8220797000686,631.710885800072,3.8888061000034213,cyan,1,0,1
5214,Interleaved,Study,9,11,632.5729897000128,636.9308668000158,4.357877100002952,cyan,1,0,1
5214,Interleaved,Study,6,9,655.8863508000504,660.7610758000519,4.87472500000149,cyan,1,0,1
5214,Interleaved,Study,7,13,665.6197033000644,669.6208486000542,4.00114529998973,cyan,1,0,1
5214,Interleaved,Study,4,5,670.3492308000568,674.1818010000279,3.8325701999710873,cyan,1,0,1
5214,Interleaved,Study,8,9,675.0848247000249,679.4068580999738,4.32203339994885,cyan,1,0,1
5214,Interleaved,Study,7,13,680.3208039000165,684.1737890000222,3.8529851000057533,cyan,1,0,1
5214,Interleaved,Study,1,2,685.0437294000294,690.3667888999917,5.323059499962255,cyan,1,0,1
5214,Interleaved,Study,3,11,691.2915118000237,695.6338480999693,4.3423362999456,cyan,1,0,1
5214,Interleaved,Study,1,2,696.5073901000433,701.3288472000277,4.8214570999844,cyan,1,0,1
5214,Interleaved,Study,7,8,702.2391741999891,706.168817800004,3.9296436000149697,cyan,1,0,1
5214,Interleaved,Study,7,13,706.9676007999806,711.2861655000597,4.3185647000791505,cyan,1,0,1
5214,Interleaved,Study,3,11,712.2009253000142,716.0133856000612,3.8124603000469506,cyan,1,0,1
5214,Interleaved,Study,9,11,716.9344807000598,720.843004400027,3.9085236999671906,cyan,1,0,1
5214,Interleaved,Study,7,8,721.6950818999903,725.5118506000144,3.816768700024113,cyan,1,0,1
5214,Interleaved,Study,4,12,730.4425952000311,734.2518029999919,3.809207799960859,cyan,1,0,1
5214,Interleaved,Study,3,11,735.1825024000136,739.5008411000017,4.3183386999880895,cyan,1,0,1
5214,Interleaved,Study,1,2,740.4068435999798,744.2188011000399,3.811957500060089,cyan,1,0,1
5214,Interleaved,Study,4,12,763.2077814000659,768.0797791000223,4.87199769995641,cyan,1,0,1
5214,Interleaved,Study,7,13,772.965130400029,776.8417602999834,3.8766298999544233,cyan,1,0,1
5214,Interleaved,Study,7,9,777.7327786000678,781.7871616000775,4.054383000009693,cyan,1,0,1
5214,Interleaved,Study,6,7,782.4711749000708,786.3058021999896,3.834627299918793,cyan,1,0,1
5214,Interleaved,Study,2,4,787.196850300068,791.0661141000455,3.869263799977489,cyan,1,0,1
5214,Interleaved,Study,8,10,791.9259599000216,796.237886399962,4.311926499940455,cyan,1,0,1
5214,Interleaved,Study,2,4,797.1484264000319,800.9498489999678,3.801422599935904,cyan,1,0,1
5214,Interleaved,Study,3,6,801.8878388999728,805.7372309999773,3.8493921000044793,cyan,1,0,1
5214,Interleaved,Study,7,8,806.6442949000048,810.4658544000704,3.821559500065632,cyan,1,0,1
5214,Interleaved,Study,3,11,811.3819780000485,815.7178320999956,4.335854099947028,cyan,1,0,1
5214,Interleaved,Study,11,12,816.6231157999719,820.9168216000544,4.2937058000825346,cyan,1,0,1
5214,Interleaved,Study,6,9,821.868038100074,826.6461502000457,4.778112099971622,cyan,1,0,1
5214,Interleaved,Study,3,6,827.6021231000777,831.4931405000389,3.891017399961129,cyan,1,0,1
5214,Interleaved,Study,7,13,836.3408039000351,840.2257895000512,3.88498560001608,cyan,1,0,1
5214,Interleaved,Study,6,7,841.1117846000707,846.4328732000431,5.321088599972427,cyan,1,0,1
5214,Interleaved,Study,7,9,847.3581596000586,851.7782978999894,4.420138299930841,cyan,1,0,1
